PlayId,Yards,Usage
20190905000050,0,Public
20190905000195,5,Public
20190905000403,0,Public
20190905000485,4,Public
20190905000518,6,Public
20190905000539,1,Public
20190905000575,4,Public
20190905000801,1,Public
20190905000920,6,Public
20190905000963,1,Public
20190905001318,-2,Public
20190905001453,5,Public
20190905001474,0,Public
20190905001548,-1,Public
20190905001825,3,Public
20190905002284,0,Public
20190905002401,3,Public
20190905002670,8,Public
20190905002691,1,Public
20190905002787,0,Public
20190905003087,9,Public
20190905003108,6,Public
20190905003129,2,Public
20190905003179,-2,Public
20190905003680,1,Public
20190905003725,2,Public
20190905003815,6,Public
20190905003866,0,Public
20190905003887,-2,Public
20190905004370,5,Public
20190905004430,2,Public
20190908000051,5,Public
20190908000072,17,Public
20190908000468,3,Public
20190908000530,0,Public
20190908000690,6,Public
20190908000711,6,Public
20190908000754,3,Public
20190908000815,-1,Public
20190908000890,2,Public
20190908000963,6,Public
20190908000984,-4,Public
20190908001134,5,Public
20190908001160,5,Public
20190908001220,13,Public
20190908001241,0,Public
20190908001427,2,Public
20190908001500,-2,Public
20190908001604,1,Public
20190908001690,1,Public
20190908001711,17,Public
20190908001732,1,Public
20190908001976,12,Public
20190908002276,25,Public
20190908002606,1,Public
20190908002657,6,Public
20190908002759,7,Public
20190908002780,2,Public
20190908003011,4,Public
20190908003078,10,Public
20190908003099,0,Public
20190908003144,1,Public
20190908003362,2,Public
20190908003490,0,Public
20190908003654,3,Public
20190908003675,2,Public
20190908003728,6,Public
20190908003749,20,Public
20190908003902,17,Public
20190908003923,7,Public
20190908003944,2,Public
20190908003965,15,Public
20190908004020,0,Public
20190908004210,5,Public
20190908004389,23,Public
20190908004434,18,Public
20190908004472,1,Public
20190908004548,4,Public
20190908010125,10,Public
20190908010263,4,Public
20190908010363,0,Public
20190908010422,-1,Public
20190908010612,-3,Public
20190908010710,2,Public
20190908010840,3,Public
20190908010885,3,Public
20190908010988,6,Public
20190908011041,10,Public
20190908011143,1,Public
20190908011188,2,Public
20190908011242,6,Public
20190908011320,5,Public
20190908011342,1,Public
20190908011402,9,Public
20190908011498,18,Public
20190908011600,8,Public
20190908011687,2,Public
20190908011784,-1,Public
20190908012444,2,Public
20190908012547,15,Public
20190908012568,3,Public
20190908012688,2,Public
20190908012890,2,Public
20190908013142,8,Public
20190908013187,2,Public
20190908013282,6,Public
20190908013336,4,Public
20190908013357,2,Public
20190908013478,6,Public
20190908013549,7,Public
20190908013570,4,Public
20190908013591,16,Public
20190908013891,13,Public
20190908013934,0,Public
20190908013955,5,Public
20190908013991,2,Public
20190908014145,1,Public
20190908014185,5,Public
20190908014230,2,Public
20190908014251,1,Public
20190908020058,-1,Public
20190908020159,-1,Public
20190908020299,5,Public
20190908020534,2,Public
20190908020715,13,Public
20190908020736,2,Public
20190908020837,5,Public
20190908020882,12,Public
20190908020903,3,Public
20190908021021,3,Public
20190908021124,3,Public
20190908021573,4,Public
20190908021594,4,Public
20190908021973,6,Public
20190908022037,1,Public
20190908022135,14,Public
20190908022156,6,Public
20190908022177,2,Public
20190908022238,1,Public
20190908022300,2,Public
20190908022345,2,Public
20190908022366,0,Public
20190908022587,1,Public
20190908022732,10,Public
20190908022834,3,Public
20190908022855,31,Public
20190908022876,-1,Public
20190908023030,5,Public
20190908023187,7,Public
20190908023208,3,Public
20190908023314,0,Public
20190908023335,2,Public
20190908023456,4,Public
20190908023477,1,Public
20190908023869,19,Public
20190908023907,6,Public
20190908023945,3,Public
20190908023983,3,Public
20190908030069,49,Public
20190908030114,11,Public
20190908030159,13,Public
20190908030217,1,Public
20190908030255,1,Public
20190908030361,4,Public
20190908030636,4,Public
20190908030746,-3,Public
20190908030889,3,Public
20190908030934,5,Public
20190908031061,2,Public
20190908031147,-1,Public
20190908031198,-1,Public
20190908031367,10,Public
20190908031388,0,Public
20190908031438,2,Public
20190908031568,9,Public
20190908031610,0,Public
20190908031696,3,Public
20190908031788,2,Public
20190908031826,2,Public
20190908031900,2,Public
20190908032289,5,Public
20190908032426,4,Public
20190908032476,-5,Public
20190908032568,7,Public
20190908032863,6,Public
20190908032925,5,Public
20190908032946,1,Public
20190908033050,8,Public
20190908033082,3,Public
20190908033103,2,Public
20190908033256,9,Public
20190908033281,2,Public
20190908033326,5,Public
20190908033347,10,Public
20190908033392,0,Public
20190908033413,-1,Public
20190908033541,1,Public
20190908033600,-1,Public
20190908033649,2,Public
20190908033670,2,Public
20190908033691,4,Public
20190908033736,4,Public
20190908033781,5,Public
20190908033881,10,Public
20190908040079,4,Public
20190908040277,4,Public
20190908040298,3,Public
20190908040392,21,Public
20190908040472,19,Public
20190908040525,2,Public
20190908040663,-1,Public
20190908040713,-1,Public
20190908040832,3,Public
20190908040877,2,Public
20190908040898,23,Public
20190908040971,-4,Public
20190908041018,6,Public
20190908041184,0,Public
20190908041221,1,Public
20190908041242,0,Public
20190908041342,3,Public
20190908041399,6,Public
20190908041420,22,Public
20190908041446,17,Public
20190908041491,0,Public
20190908041596,16,Public
20190908041675,2,Public
20190908041880,2,Public
20190908041918,-2,Public
20190908041956,0,Public
20190908042124,3,Public
20190908042203,2,Public
20190908042224,6,Public
20190908042245,1,Public
20190908042315,5,Public
20190908042360,3,Public
20190908042404,2,Public
20190908042478,2,Public
20190908042599,-1,Public
20190908042729,1,Public
20190908042806,8,Public
20190908042860,7,Public
20190908043022,4,Public
20190908043043,-2,Public
20190908043064,2,Public
20190908043188,9,Public
20190908043345,2,Public
20190908043366,7,Public
20190908043427,0,Public
20190908043448,0,Public
20190908043469,8,Public
20190908050259,5,Public
20190908050843,12,Public
20190908050944,8,Public
20190908051068,1,Public
20190908051176,10,Public
20190908051219,-1,Public
20190908051387,0,Public
20190908051455,9,Public
20190908051476,1,Public
20190908051738,4,Public
20190908051759,2,Public
20190908052310,6,Public
20190908052460,-2,Public
20190908052527,6,Public
20190908052548,0,Public
20190908052608,4,Public
20190908052675,4,Public
20190908052876,1,Public
20190908052909,20,Public
20190908052935,0,Public
20190908053040,-2,Public
20190908053146,5,Public
20190908053167,2,Public
20190908053236,-1,Public
20190908053326,7,Public
20190908053347,23,Public
20190908053436,12,Public
20190908053486,15,Public
20190908053674,1,Public
20190908054131,1,Public
20190908054317,1,Public
20190908054355,2,Public
20190908054393,2,Public
20190908060058,5,Public
20190908060103,3,Public
20190908060148,1,Public
20190908060304,2,Public
20190908060325,6,Public
20190908060450,1,Public
20190908060471,1,Public
20190908060623,4,Public
20190908060823,-2,Public
20190908060888,4,Public
20190908060967,6,Public
20190908060988,6,Public
20190908061079,2,Public
20190908061238,-2,Public
20190908061310,5,Public
20190908061402,0,Public
20190908061574,7,Public
20190908062138,3,Public
20190908062159,2,Public
20190908062180,4,Public
20190908062270,8,Public
20190908062300,17,Public
20190908062321,19,Public
20190908062342,0,Public
20190908062367,-2,Public
20190908062444,0,Public
20190908062488,-5,Public
20190908062791,-4,Public
20190908062870,2,Public
20190908062915,8,Public
20190908062982,2,Public
20190908063078,2,Public
20190908063216,-5,Public
20190908063398,9,Public
20190908063419,17,Public
20190908063440,3,Public
20190908063513,7,Public
20190908063571,5,Public
20190908063615,3,Public
20190908070058,2,Public
20190908070203,-3,Public
20190908070229,4,Public
20190908070317,2,Public
20190908070368,23,Public
20190908070389,3,Public
20190908070410,13,Public
20190908070431,0,Public
20190908070641,1,Public
20190908070726,1,Public
20190908070806,6,Public
20190908070879,3,Public
20190908070922,7,Public
20190908071093,5,Public
20190908071250,2,Public
20190908071336,1,Public
20190908071403,9,Public
20190908071441,2,Public
20190908071777,25,Public
20190908071798,5,Public
20190908071819,6,Public
20190908071840,10,Public
20190908071861,3,Public
20190908071882,0,Public
20190908071962,0,Public
20190908072158,63,Public
20190908072211,-2,Public
20190908072232,24,Public
20190908072382,5,Public
20190908072528,9,Public
20190908072549,4,Public
20190908072587,2,Public
20190908072744,4,Public
20190908072894,-1,Public
20190908072946,7,Public
20190908072967,7,Public
20190908072988,6,Public
20190908073009,4,Public
20190908073030,-5,Public
20190908073123,7,Public
20190908073144,1,Public
20190908073165,4,Public
20190908073209,4,Public
20190908073230,4,Public
20190908073251,2,Public
20190908073708,3,Public
20190908073729,19,Public
20190908073750,3,Public
20190908073795,2,Public
20190908073818,7,Public
20190908080290,1,Public
20190908080459,-1,Public
20190908080531,3,Public
20190908080670,2,Public
20190908080770,3,Public
20190908080814,5,Public
20190908080911,3,Public
20190908081184,5,Public
20190908081205,3,Public
20190908081299,11,Public
20190908081320,1,Public
20190908081376,1,Public
20190908081535,0,Public
20190908081556,5,Public
20190908081635,6,Public
20190908081656,-1,Public
20190908081868,3,Public
20190908082293,1,Public
20190908082351,-6,Public
20190908082374,-1,Public
20190908082460,-3,Public
20190908082481,5,Public
20190908082553,-1,Public
20190908082574,3,Public
20190908082595,4,Public
20190908082733,11,Public
20190908082927,0,Public
20190908082948,5,Public
20190908082969,0,Public
20190908083300,5,Public
20190908083640,1,Public
20190908083910,4,Public
20190908083948,21,Public
20190908083971,0,Public
20190908084009,-1,Public
20190908090080,9,Public
20190908090101,1,Public
20190908090146,-1,Public
20190908090269,4,Public
20190908090385,4,Public
20190908090675,6,Public
20190908090697,3,Public
20190908090718,0,Public
20190908090760,2,Public
20190908090860,7,Public
20190908090907,1,Public
20190908090956,1,Public
20190908091070,2,Public
20190908091164,4,Public
20190908091439,-1,Public
20190908091562,5,Public
20190908091583,4,Public
20190908091605,0,Public
20190908091760,1,Public
20190908091781,2,Public
20190908091988,7,Public
20190908092378,5,Public
20190908092698,3,Public
20190908092816,-2,Public
20190908092947,18,Public
20190908092990,3,Public
20190908093217,6,Public
20190908093262,3,Public
20190908093329,1,Public
20190908093626,4,Public
20190908093671,12,Public
20190908093694,1,Public
20190908093815,4,Public
20190908093836,0,Public
20190908094226,3,Public
20190908094247,6,Public
20190908094292,3,Public
20190908094330,9,Public
20190908094368,-2,Public
20190908094406,7,Public
20190908094656,10,Public
20190908094709,3,Public
20190908095032,7,Public
20190908095267,9,Public
20190908095288,4,Public
20190908095394,3,Public
20190908095552,5,Public
20190908095664,3,Public
20190908100076,2,Public
20190908100147,5,Public
20190908100249,59,Public
20190908100340,7,Public
20190908100361,-2,Public
20190908100449,6,Public
20190908100595,0,Public
20190908100640,3,Public
20190908100807,6,Public
20190908100966,2,Public
20190908101028,2,Public
20190908101102,4,Public
20190908101291,3,Public
20190908101598,5,Public
20190908101675,2,Public
20190908101794,4,Public
20190908102262,2,Public
20190908102368,11,Public
20190908102389,1,Public
20190908102520,5,Public
20190908102643,7,Public
20190908102738,4,Public
20190908102783,1,Public
20190908102851,1,Public
20190908102872,1,Public
20190908102917,8,Public
20190908102938,2,Public
20190908102983,10,Public
20190908103106,11,Public
20190908103297,5,Public
20190908103346,2,Public
20190908103367,3,Public
20190908103607,2,Public
20190908103660,-3,Public
20190908103681,6,Public
20190908103732,13,Public
20190908103801,15,Public
20190908103846,2,Public
20190908103900,1,Public
20190908103948,2,Public
20190908103986,-3,Public
20190908110063,3,Public
20190908110149,1,Public
20190908110194,5,Public
20190908110350,1,Public
20190908110453,14,Public
20190908110474,0,Public
20190908110576,3,Public
20190908110661,12,Public
20190908110730,-1,Public
20190908110776,6,Public
20190908110797,-1,Public
20190908110876,3,Public
20190908111032,2,Public
20190908111140,-1,Public
20190908111259,0,Public
20190908111280,-2,Public
20190908111325,1,Public
20190908111479,3,Public
20190908111500,4,Public
20190908111521,1,Public
20190908111601,0,Public
20190908111663,3,Public
20190908111862,5,Public
20190908111888,4,Public
20190908112108,2,Public
20190908112175,0,Public
20190908112263,1,Public
20190908112520,5,Public
20190908112640,5,Public
20190908112661,11,Public
20190908112749,10,Public
20190908112775,13,Public
20190908112796,8,Public
20190908112822,5,Public
20190908112879,0,Public
20190908112950,11,Public
20190908112971,9,Public
20190908112992,2,Public
20190908113013,7,Public
20190908113244,3,Public
20190908113301,1,Public
20190908113345,0,Public
20190908113366,1,Public
20190908113419,0,Public
20190908113459,9,Public
20190908113512,16,Public
20190908113533,5,Public
20190908113554,-2,Public
20190908113698,18,Public
20190908113730,0,Public
20190908113751,2,Public
20190908120058,-1,Public
20190908120083,7,Public
20190908120104,9,Public
20190908120136,3,Public
20190908120157,-3,Public
20190908120218,4,Public
20190908120291,3,Public
20190908120312,2,Public
20190908120333,2,Public
20190908120480,8,Public
20190908120501,7,Public
20190908120632,2,Public
20190908120853,5,Public
20190908120874,2,Public
20190908120936,1,Public
20190908120981,1,Public
20190908121199,0,Public
20190908121249,3,Public
20190908121366,5,Public
20190908121387,4,Public
20190908121408,-4,Public
20190908121448,4,Public
20190908121469,3,Public
20190908122018,4,Public
20190908122309,3,Public
20190908122445,-3,Public
20190908122855,11,Public
20190908122876,11,Public
20190908122897,3,Public
20190908122918,2,Public
20190908123252,3,Public
20190908123285,8,Public
20190908123306,0,Public
20190908123327,4,Public
20190908123468,4,Public
20190908123492,6,Public
20190908123513,4,Public
20190908123645,0,Public
20190908123835,0,Public
20190908123856,-5,Public
20190908123877,2,Public
20190909000051,9,Public
20190909000072,4,Public
20190909000426,11,Public
20190909000541,7,Public
20190909000613,1,Public
20190909000699,5,Public
20190909000774,7,Public
20190909000855,1,Public
20190909001139,5,Public
20190909001164,2,Public
20190909001222,1,Public
20190909001357,1,Public
20190909001516,20,Public
20190909001537,1,Public
20190909001612,4,Public
20190909001807,5,Public
20190909002229,1,Public
20190909002309,30,Public
20190909002362,13,Public
20190909002416,2,Public
20190909002465,0,Public
20190909002538,6,Public
20190909002714,4,Public
20190909002854,8,Public
20190909003026,2,Public
20190909003113,26,Public
20190909003344,18,Public
20190909003540,28,Public
20190909003561,-1,Public
20190909003601,6,Public
20190909003640,4,Public
20190909003730,32,Public
20190909003778,0,Public
20190909003848,2,Public
20190909003948,11,Public
20190909003986,4,Public
20190909004024,-5,Public
20190909004062,5,Public
20190909010058,4,Public
20190909010079,2,Public
20190909010148,5,Public
20190909010240,6,Public
20190909010261,2,Public
20190909010338,-5,Public
20190909010432,3,Public
20190909010695,0,Public
20190909010716,4,Public
20190909010778,2,Public
20190909010878,3,Public
20190909011053,6,Public
20190909011098,5,Public
20190909011121,-2,Public
20190909011209,2,Public
20190909011254,3,Public
20190909011363,2,Public
20190909011418,8,Public
20190909011439,3,Public
20190909011898,2,Public
20190909011943,9,Public
20190909012012,4,Public
20190909012033,5,Public
20190909012054,7,Public
20190909012231,0,Public
20190909012276,3,Public
20190909012315,8,Public
20190909012404,4,Public
20190909012425,7,Public
20190909012446,26,Public
20190909012514,5,Public
20190909012535,0,Public
20190909012673,11,Public
20190909012727,7,Public
20190909012824,-2,Public
20190909012926,-1,Public
20190909012995,4,Public
20190909013048,0,Public
20190909013093,4,Public
20190909013198,8,Public
20190909013219,4,Public
20190909013240,2,Public
20190909013261,4,Public
20190909013282,1,Public
20190909013569,1,Public
20190909013607,1,Public
20190909013669,13,Public
20190912000076,-4,Public
20190912000216,10,Public
20190912000237,3,Public
20190912000311,6,Public
20190912000332,-3,Public
20190912000386,0,Public
20190912000442,2,Public
20190912000487,6,Public
20190912000508,2,Public
20190912000684,2,Public
20190912000783,2,Public
20190912000918,5,Public
20190912000979,3,Public
20190912001022,1,Public
20190912001077,5,Public
20190912001196,-2,Public
20190912001458,7,Public
20190912001479,6,Public
20190912001648,2,Public
20190912001753,5,Public
20190912001774,1,Public
20190912002076,-2,Public
20190912002269,1,Public
20190912002313,0,Public
20190912002392,0,Public
20190912002441,0,Public
20190912002541,-3,Public
20190912002619,12,Public
20190912002640,2,Public
20190912002687,16,Public
20190912002823,3,Public
20190912002881,13,Public
20190912002902,1,Public
20190912002969,-3,Public
20190912003270,-2,Public
20190912003364,4,Public
20190912003385,0,Public
20190912003623,3,Public
20190912003644,12,Public
20190912003665,2,Public
20190912003686,0,Public
20190912003736,7,Public
20190912003781,1,Public
20190912003802,4,Public
20190915000072,3,Public
20190915000219,1,Public
20190915000432,2,Public
20190915000509,2,Public
20190915000678,2,Public
20190915000866,16,Public
20190915000948,-1,Public
20190915001312,2,Public
20190915001735,4,Public
20190915001898,2,Public
20190915002334,3,Public
20190915002383,-1,Public
20190915002656,1,Public
20190915002744,3,Public
20190915002938,3,Public
20190915003307,1,Public
20190915003358,2,Public
20190915003437,4,Public
20190915003804,4,Public
20190915003825,7,Public
20190915003846,-1,Public
20190915004145,4,Public
20190915004239,3,Public
20190915004260,11,Public
20190915004298,1,Public
20190915010088,0,Public
20190915010183,6,Public
20190915010204,2,Public
20190915010346,0,Public
20190915010458,2,Public
20190915010479,2,Public
20190915010500,0,Public
20190915010630,3,Public
20190915010693,12,Public
20190915010714,6,Public
20190915010791,-2,Public
20190915010847,4,Public
20190915010900,-3,Public
20190915011263,4,Public
20190915011289,5,Public
20190915011310,34,Public
20190915011371,4,Public
20190915011392,2,Public
20190915011485,2,Public
20190915011552,1,Public
20190915011619,5,Public
20190915011728,1,Public
20190915011860,9,Public
20190915011951,-2,Public
20190915012248,5,Public
20190915012548,6,Public
20190915012585,15,Public
20190915012611,9,Public
20190915012661,1,Public
20190915012776,3,Public
20190915012797,3,Public
20190915012897,7,Public
20190915012923,18,Public
20190915012944,1,Public
20190915013026,-4,Public
20190915013047,12,Public
20190915013250,6,Public
20190915013277,7,Public
20190915013298,20,Public
20190915013324,9,Public
20190915013362,4,Public
20190915013444,-2,Public
20190915013545,3,Public
20190915013566,11,Public
20190915013587,14,Public
20190915013613,1,Public
20190915013634,6,Public
20190915013660,10,Public
20190915013682,-6,Public
20190915013703,0,Public
20190915013867,0,Public
20190915013963,1,Public
20190915014065,3,Public
20190915014086,5,Public
20190915014123,3,Public
20190915014144,6,Public
20190915020082,3,Public
20190915020150,2,Public
20190915020171,1,Public
20190915020241,2,Public
20190915020310,6,Public
20190915020377,2,Public
20190915020437,1,Public
20190915020520,4,Public
20190915020589,7,Public
20190915020610,4,Public
20190915020739,1,Public
20190915020816,9,Public
20190915020837,4,Public
20190915020858,0,Public
20190915021049,12,Public
20190915021092,4,Public
20190915021208,17,Public
20190915021234,1,Public
20190915021279,1,Public
20190915021316,8,Public
20190915021337,3,Public
20190915021382,3,Public
20190915021533,0,Public
20190915021625,-2,Public
20190915021725,4,Public
20190915021865,2,Public
20190915022254,1,Public
20190915022442,40,Public
20190915022475,8,Public
20190915022644,-2,Public
20190915022711,2,Public
20190915022732,0,Public
20190915022789,8,Public
20190915022858,9,Public
20190915022879,2,Public
20190915023039,5,Public
20190915023060,2,Public
20190915023146,4,Public
20190915023172,5,Public
20190915023235,4,Public
20190915023317,7,Public
20190915023338,-3,Public
20190915023563,13,Public
20190915023584,2,Public
20190915023629,0,Public
20190915023703,-4,Public
20190915023815,1,Public
20190915023853,3,Public
20190915030104,15,Public
20190915030215,3,Public
20190915030236,10,Public
20190915030286,0,Public
20190915030395,-2,Public
20190915030440,1,Public
20190915030466,4,Public
20190915030516,0,Public
20190915030696,0,Public
20190915030717,3,Public
20190915030833,9,Public
20190915030900,2,Public
20190915030975,75,Public
20190915031028,10,Public
20190915031082,4,Public
20190915031165,2,Public
20190915031233,5,Public
20190915031254,4,Public
20190915031275,0,Public
20190915031318,5,Public
20190915031339,3,Public
20190915031401,6,Public
20190915031690,8,Public
20190915031711,4,Public
20190915031732,5,Public
20190915031794,-2,Public
20190915031815,4,Public
20190915031923,0,Public
20190915032235,2,Public
20190915032288,-2,Public
20190915032382,9,Public
20190915032403,-1,Public
20190915032493,3,Public
20190915032624,7,Public
20190915032722,11,Public
20190915032743,9,Public
20190915032769,2,Public
20190915032790,3,Public
20190915032947,3,Public
20190915033007,9,Public
20190915033220,4,Public
20190915033335,8,Public
20190915033356,5,Public
20190915033649,5,Public
20190915033670,10,Public
20190915033691,1,Public
20190915033771,8,Public
20190915033792,3,Public
20190915033813,14,Public
20190915033956,3,Public
20190915034057,2,Public
20190915034078,13,Public
20190915034116,4,Public
20190915034195,2,Public
20190915034233,1,Public
20190915034254,3,Public
20190915040051,3,Public
20190915040101,1,Public
20190915040201,6,Public
20190915040308,2,Public
20190915040404,6,Public
20190915040460,7,Public
20190915040527,8,Public
20190915040596,4,Public
20190915040663,5,Public
20190915040758,1,Public
20190915040984,3,Public
20190915041076,2,Public
20190915041173,0,Public
20190915041278,10,Public
20190915041328,4,Public
20190915041463,14,Public
20190915041543,14,Public
20190915041686,5,Public
20190915041944,3,Public
20190915042029,19,Public
20190915042070,1,Public
20190915042121,2,Public
20190915042230,5,Public
20190915042287,3,Public
20190915042419,2,Public
20190915042535,8,Public
20190915042556,1,Public
20190915042577,5,Public
20190915042598,7,Public
20190915042619,2,Public
20190915042640,2,Public
20190915042678,-4,Public
20190915042856,8,Public
20190915042877,1,Public
20190915042955,0,Public
20190915043278,1,Public
20190915043328,1,Public
20190915043420,1,Public
20190915043493,4,Public
20190915043538,0,Public
20190915043559,1,Public
20190915050051,1,Public
20190915050072,-4,Public
20190915050134,3,Public
20190915050179,1,Public
20190915050229,10,Public
20190915050274,4,Public
20190915050295,1,Public
20190915050349,1,Public
20190915050370,1,Public
20190915050447,3,Public
20190915050492,2,Public
20190915050513,0,Public
20190915050658,7,Public
20190915050679,2,Public
20190915050724,3,Public
20190915050790,-1,Public
20190915050811,1,Public
20190915050832,9,Public
20190915050872,6,Public
20190915050974,5,Public
20190915051000,4,Public
20190915051239,4,Public
20190915051260,5,Public
20190915051281,4,Public
20190915051302,9,Public
20190915051323,0,Public
20190915051344,2,Public
20190915051500,3,Public
20190915051543,4,Public
20190915051683,1,Public
20190915051704,2,Public
20190915052012,3,Public
20190915052147,3,Public
20190915052236,3,Public
20190915052257,12,Public
20190915052302,12,Public
20190915052411,3,Public
20190915052432,3,Public
20190915052697,5,Public
20190915052769,4,Public
20190915052790,1,Public
20190915053448,2,Public
20190915053639,0,Public
20190915053664,0,Public
20190915053741,3,Public
20190915053779,6,Public
20190915053800,6,Public
20190915060051,6,Public
20190915060072,20,Public
20190915060093,14,Public
20190915060119,8,Public
20190915060140,27,Public
20190915060193,4,Public
20190915060275,5,Public
20190915060388,4,Public
20190915060464,1,Public
20190915060562,8,Public
20190915060664,1,Public
20190915060858,9,Public
20190915060879,0,Public
20190915061032,14,Public
20190915061109,1,Public
20190915061197,1,Public
20190915061271,4,Public
20190915061442,1,Public
20190915061605,6,Public
20190915062121,3,Public
20190915062228,3,Public
20190915062374,4,Public
20190915062554,8,Public
20190915062608,2,Public
20190915062700,-1,Public
20190915062903,1,Public
20190915062972,5,Public
20190915063017,10,Public
20190915063085,2,Public
20190915063157,2,Public
20190915063258,16,Public
20190915063344,4,Public
20190915063365,4,Public
20190915063437,20,Public
20190915063463,0,Public
20190915063558,1,Public
20190915063579,1,Public
20190915063686,12,Public
20190915063795,0,Public
20190915063856,4,Public
20190915063885,3,Public
20190915064088,3,Public
20190915064126,9,Public
20190915064147,3,Public
20190915064185,6,Public
20190915064206,-2,Public
20190915070075,0,Public
20190915070186,2,Public
20190915070340,1,Public
20190915070374,21,Public
20190915070486,3,Public
20190915070677,23,Public
20190915070700,1,Public
20190915070805,16,Public
20190915070863,1,Public
20190915070914,0,Public
20190915071043,1,Public
20190915071166,2,Public
20190915071224,0,Public
20190915071334,7,Public
20190915071355,5,Public
20190915071376,4,Public
20190915071397,-2,Public
20190915071507,3,Public
20190915071528,1,Public
20190915071803,6,Public
20190915071967,2,Public
20190915072127,5,Public
20190915072401,0,Public
20190915072464,2,Public
20190915072544,-2,Public
20190915072591,0,Public
20190915072744,14,Public
20190915072793,0,Public
20190915072944,5,Public
20190915073013,3,Public
20190915073036,37,Public
20190915073250,5,Public
20190915073318,7,Public
20190915073341,4,Public
20190915073533,5,Public
20190915073647,4,Public
20190915073670,3,Public
20190915073756,7,Public
20190915073894,0,Public
20190915074085,1,Public
20190915074129,3,Public
20190915074199,1,Public
20190915074292,2,Public
20190915080083,-3,Public
20190915080188,5,Public
20190915080402,3,Public
20190915080565,2,Public
20190915080659,8,Public
20190915080709,2,Public
20190915080778,12,Public
20190915080799,1,Public
20190915080972,8,Public
20190915081066,1,Public
20190915081092,2,Public
20190915081167,5,Public
20190915081234,10,Public
20190915081255,15,Public
20190915081276,0,Public
20190915081392,4,Public
20190915081537,3,Public
20190915081558,1,Public
20190915081896,4,Public
20190915082037,1,Public
20190915082162,5,Public
20190915082243,1,Public
20190915082326,5,Public
20190915082347,4,Public
20190915082368,5,Public
20190915082434,-2,Public
20190915082483,12,Public
20190915082647,9,Public
20190915082668,1,Public
20190915082718,3,Public
20190915082823,11,Public
20190915082844,6,Public
20190915082865,18,Public
20190915082903,2,Public
20190915082962,0,Public
20190915083037,4,Public
20190915083058,1,Public
20190915083147,0,Public
20190915083216,2,Public
20190915083237,3,Public
20190915083329,7,Public
20190915083350,55,Public
20190915083581,-3,Public
20190915083721,1,Public
20190915083759,0,Public
20190915083797,0,Public
20190915090125,-4,Public
20190915090222,2,Public
20190915090490,3,Public
20190915090532,15,Public
20190915090627,6,Public
20190915090648,4,Public
20190915090704,4,Public
20190915090734,8,Public
20190915090836,4,Public
20190915090862,4,Public
20190915090924,0,Public
20190915090949,1,Public
20190915091008,5,Public
20190915091098,10,Public
20190915091119,2,Public
20190915091235,4,Public
20190915091359,8,Public
20190915091401,1,Public
20190915091657,2,Public
20190915091735,1,Public
20190915091780,42,Public
20190915091818,8,Public
20190915091839,2,Public
20190915091893,1,Public
20190915092156,13,Public
20190915092177,6,Public
20190915092278,0,Public
20190915092323,2,Public
20190915092400,0,Public
20190915092617,1,Public
20190915092746,9,Public
20190915092773,3,Public
20190915092794,7,Public
20190915092863,10,Public
20190915093122,2,Public
20190915093191,2,Public
20190915093279,2,Public
20190915093324,3,Public
20190915093345,-1,Public
20190915093390,4,Public
20190915093444,1,Public
20190915093486,2,Public
20190915093885,3,Public
20190915093963,-2,Public
20190915094001,7,Public
20190915094024,27,Public
20190915100061,7,Public
20190915100234,8,Public
20190915100255,1,Public
20190915100276,0,Public
20190915100333,4,Public
20190915100441,-4,Public
20190915100520,4,Public
20190915100806,-1,Public
20190915100920,2,Public
20190915101106,5,Public
20190915101204,12,Public
20190915101249,-1,Public
20190915101438,6,Public
20190915101545,1,Public
20190915101978,-1,Public
20190915102074,3,Public
20190915102298,0,Public
20190915102637,4,Public
20190915102734,-1,Public
20190915102804,51,Public
20190915102825,3,Public
20190915102899,6,Public
20190915102976,1,Public
20190915103043,-4,Public
20190915103143,8,Public
20190915103186,4,Public
20190915103231,3,Public
20190915103318,1,Public
20190915103339,2,Public
20190915103439,-1,Public
20190915103528,0,Public
20190915103659,1,Public
20190915103917,3,Public
20190915104012,6,Public
20190915104057,3,Public
20190915104078,3,Public
20190915104158,3,Public
20190915104307,1,Public
20190915110079,3,Public
20190915110148,2,Public
20190915110222,3,Public
20190915110301,0,Public
20190915110322,1,Public
20190915110448,2,Public
20190915110469,3,Public
20190915110533,3,Public
20190915110609,4,Public
20190915110676,7,Public
20190915110702,9,Public
20190915110723,-1,Public
20190915110761,3,Public
20190915110812,1,Public
20190915110878,1,Public
20190915110933,12,Public
20190915111031,0,Public
20190915111052,2,Public
20190915111114,4,Public
20190915111135,9,Public
20190915111238,5,Public
20190915111314,0,Public
20190915111410,3,Public
20190915111504,4,Public
20190915111722,5,Public
20190915111829,1,Public
20190915111861,6,Public
20190915112054,7,Public
20190915112261,9,Public
20190915112294,2,Public
20190915112411,-3,Public
20190915112432,1,Public
20190915112524,12,Public
20190915112545,46,Public
20190915112571,3,Public
20190915112592,14,Public
20190915112613,3,Public
20190915112636,0,Public
20190915112690,-1,Public
20190915112711,1,Public
20190915112732,1,Public
20190915112874,7,Public
20190915112900,6,Public
20190915113096,2,Public
20190915113180,2,Public
20190915113244,3,Public
20190915113300,2,Public
20190915113427,14,Public
20190915113448,6,Public
20190915113504,0,Public
20190915113575,4,Public
20190915113625,2,Public
20190915120051,2,Public
20190915120072,2,Public
20190915120117,4,Public
20190915120296,4,Public
20190915120507,-3,Public
20190915120580,9,Public
20190915120623,2,Public
20190915120650,1,Public
20190915120704,3,Public
20190915120769,4,Public
20190915120851,-6,Public
20190915121237,4,Public
20190915121305,4,Public
20190915121405,0,Public
20190915121474,2,Public
20190915121519,6,Public
20190915121661,13,Public
20190915121791,4,Public
20190915121842,0,Public
20190915121909,0,Public
20190915121930,20,Public
20190915121968,3,Public
20190915122018,4,Public
20190915122378,5,Public
20190915122427,5,Public
20190915122477,3,Public
20190915122612,3,Public
20190915122784,2,Public
20190915122829,-1,Public
20190915122897,4,Public
20190915122954,4,Public
20190915123059,12,Public
20190915123083,2,Public
20190915123128,2,Public
20190915123207,12,Public
20190915123292,2,Public
20190915123535,8,Public
20190915123776,6,Public
20190915123965,0,Public
20190915123986,9,Public
20190915124007,6,Public
20190915124028,1,Public
20190915124085,2,Public
20190915130051,3,Public
20190915130096,6,Public
20190915130147,9,Public
20190915130168,2,Public
20190915130213,-6,Public
20190915130345,0,Public
20190915130423,4,Public
20190915130444,4,Public
20190915130670,-5,Public
20190915130790,2,Public
20190915130811,2,Public
20190915130897,0,Public
20190915130987,5,Public
20190915131025,5,Public
20190915131137,4,Public
20190915131294,4,Public
20190915131548,1,Public
20190915131797,2,Public
20190915132145,4,Public
20190915132419,1,Public
20190915132503,1,Public
20190915132548,5,Public
20190915132781,1,Public
20190915132828,3,Public
20190915132873,-2,Public
20190915133052,2,Public
20190915133172,28,Public
20190915133198,4,Public
20190915133300,-1,Public
20190915133376,4,Public
20190915133568,1,Public
20190915133640,3,Public
20190915133733,4,Public
20190916000057,8,Public
20190916000078,4,Public
20190916000180,-2,Public
20190916000241,-1,Public
20190916000347,5,Public
20190916000434,2,Public
20190916000513,1,Public
20190916000716,7,Public
20190916000798,5,Public
20190916000874,2,Public
20190916001089,4,Public
20190916001260,19,Public
20190916001346,8,Public
20190916001367,-1,Public
20190916001388,0,Public
20190916001496,6,Public
20190916001517,6,Public
20190916001542,7,Public
20190916001563,5,Public
20190916001584,0,Public
20190916001664,10,Public
20190916001719,-2,Public
20190916001864,6,Public
20190916001927,2,Public
20190916002010,0,Public
20190916002290,2,Public
20190916002382,8,Public
20190916002511,6,Public
20190916002579,2,Public
20190916002727,1,Public
20190916002826,4,Public
20190916002956,8,Public
20190916002982,0,Public
20190916003078,-2,Public
20190916003234,-1,Public
20190916003336,15,Public
20190916003362,0,Public
20190916003447,1,Public
20190916003566,0,Public
20190916003691,-5,Public
20190916003742,2,Public
20190916003843,0,Public
20190916003925,2,Public
20190916004158,15,Public
20190919000260,2,Public
20190919000281,8,Public
20190919000356,4,Public
20190919000448,5,Public
20190919000498,-3,Public
20190919000519,4,Public
20190919000603,4,Public
20190919000648,1,Public
20190919000769,-7,Public
20190919000873,1,Public
20190919000939,-5,Public
20190919001016,0,Public
20190919001094,-4,Public
20190919001239,4,Public
20190919001495,7,Public
20190919001591,8,Public
20190919001612,1,Public
20190919002298,-1,Public
20190919002365,4,Public
20190919002473,0,Public
20190919002518,4,Public
20190919002539,2,Public
20190919002620,0,Public
20190919002641,11,Public
20190919002662,2,Public
20190919002726,1,Public
20190919002798,-1,Public
20190919002921,0,Public
20190919003200,1,Public
20190919003334,0,Public
20190919003401,-5,Public
20190919003693,69,Public
20190919003714,2,Public
20190919003752,0,Public
20190919003790,3,Public
20190919003833,5,Public
20190922000175,5,Public
20190922000245,12,Public
20190922000266,3,Public
20190922000350,-2,Public
20190922000454,-1,Public
20190922000572,11,Public
20190922000721,0,Public
20190922000746,4,Public
20190922000998,3,Public
20190922001019,-1,Public
20190922001129,9,Public
20190922001150,9,Public
20190922001217,8,Public
20190922001238,8,Public
20190922001536,4,Public
20190922001692,2,Public
20190922001786,3,Public
20190922001858,1,Public
20190922001907,0,Public
20190922002687,4,Public
20190922002797,3,Public
20190922002818,15,Public
20190922002856,5,Public
20190922002877,4,Public
20190922002919,-3,Public
20190922002974,10,Public
20190922003000,1,Public
20190922003141,3,Public
20190922003243,22,Public
20190922003264,3,Public
20190922003285,10,Public
20190922003405,14,Public
20190922003454,-1,Public
20190922003536,-1,Public
20190922003651,1,Public
20190922003678,12,Public
20190922003800,9,Public
20190922003821,2,Public
20190922003842,1,Public
20190922003931,1,Public
20190922004006,-2,Public
20190922004055,4,Public
20190922004076,-2,Public
20190922004262,0,Public
20190922004338,1,Public
20190922010159,0,Public
20190922010251,3,Public
20190922010301,7,Public
20190922010322,1,Public
20190922010457,2,Public
20190922010523,5,Public
20190922010708,13,Public
20190922010729,2,Public
20190922010817,3,Public
20190922010969,5,Public
20190922010990,0,Public
20190922011011,0,Public
20190922011094,5,Public
20190922011202,4,Public
20190922011290,4,Public
20190922011312,4,Public
20190922011394,3,Public
20190922011488,2,Public
20190922011524,3,Public
20190922011545,3,Public
20190922011617,0,Public
20190922011754,6,Public
20190922011775,6,Public
20190922011963,5,Public
20190922012159,0,Public
20190922012196,11,Public
20190922012234,14,Public
20190922012294,14,Public
20190922012386,1,Public
20190922012491,2,Public
20190922012618,5,Public
20190922012662,-2,Public
20190922012835,12,Public
20190922012856,2,Public
20190922012935,11,Public
20190922013104,2,Public
20190922013246,7,Public
20190922013448,18,Public
20190922013469,6,Public
20190922013514,2,Public
20190922013540,6,Public
20190922013561,28,Public
20190922013582,0,Public
20190922013678,4,Public
20190922013791,8,Public
20190922013858,6,Public
20190922013879,11,Public
20190922013900,1,Public
20190922013974,6,Public
20190922014010,16,Public
20190922014113,6,Public
20190922014175,3,Public
20190922014242,1,Public
20190922020075,4,Public
20190922020125,4,Public
20190922020225,2,Public
20190922020246,-2,Public
20190922020303,3,Public
20190922020449,-3,Public
20190922020607,3,Public
20190922020652,8,Public
20190922020679,9,Public
20190922020700,2,Public
20190922020745,2,Public
20190922020811,1,Public
20190922020873,3,Public
20190922020898,1,Public
20190922020951,3,Public
20190922020995,12,Public
20190922021118,-2,Public
20190922021195,9,Public
20190922021240,4,Public
20190922021261,5,Public
20190922021306,4,Public
20190922021351,13,Public
20190922021384,6,Public
20190922021410,0,Public
20190922021491,5,Public
20190922021576,3,Public
20190922021696,-2,Public
20190922021734,7,Public
20190922021787,4,Public
20190922021849,7,Public
20190922021897,6,Public
20190922022003,4,Public
20190922022024,4,Public
20190922022195,1,Public
20190922022250,12,Public
20190922022271,-1,Public
20190922022355,4,Public
20190922022400,0,Public
20190922022445,5,Public
20190922022466,2,Public
20190922022509,1,Public
20190922022703,2,Public
20190922022724,2,Public
20190922022769,3,Public
20190922022899,5,Public
20190922022920,6,Public
20190922023035,5,Public
20190922023073,0,Public
20190922023137,4,Public
20190922023182,1,Public
20190922023251,9,Public
20190922023272,1,Public
20190922023422,4,Public
20190922023467,11,Public
20190922023644,12,Public
20190922023699,2,Public
20190922023737,-2,Public
20190922023775,4,Public
20190922030060,8,Public
20190922030081,3,Public
20190922030131,5,Public
20190922030199,0,Public
20190922030220,1,Public
20190922030328,28,Public
20190922030349,4,Public
20190922030399,0,Public
20190922030553,14,Public
20190922030841,6,Public
20190922030879,4,Public
20190922031017,-2,Public
20190922031038,0,Public
20190922031083,2,Public
20190922031175,9,Public
20190922031284,-2,Public
20190922031481,24,Public
20190922031505,0,Public
20190922031557,-1,Public
20190922031667,1,Public
20190922032183,-3,Public
20190922032232,3,Public
20190922032277,1,Public
20190922032387,-3,Public
20190922032599,4,Public
20190922032684,2,Public
20190922032705,-2,Public
20190922032750,3,Public
20190922032819,12,Public
20190922032863,3,Public
20190922033058,-5,Public
20190922033300,0,Public
20190922033345,4,Public
20190922033493,2,Public
20190922033960,4,Public
20190922033981,4,Public
20190922034019,26,Public
20190922034057,3,Public
20190922034095,3,Public
20190922040363,21,Public
20190922040410,5,Public
20190922040606,2,Public
20190922040691,12,Public
20190922040927,-1,Public
20190922040969,2,Public
20190922040990,1,Public
20190922041049,4,Public
20190922041145,5,Public
20190922041224,3,Public
20190922041344,7,Public
20190922041421,5,Public
20190922041442,7,Public
20190922041463,3,Public
20190922041600,9,Public
20190922041621,4,Public
20190922042341,9,Public
20190922042362,4,Public
20190922042383,15,Public
20190922042404,13,Public
20190922042425,1,Public
20190922042446,6,Public
20190922042515,19,Public
20190922042568,25,Public
20190922042594,8,Public
20190922042615,1,Public
20190922042636,0,Public
20190922042683,3,Public
20190922042704,2,Public
20190922042835,5,Public
20190922043021,1,Public
20190922043206,5,Public
20190922043249,6,Public
20190922043362,1,Public
20190922043403,1,Public
20190922043454,4,Public
20190922043591,8,Public
20190922043612,9,Public
20190922043888,41,Public
20190922043909,3,Public
20190922043947,8,Public
20190922044000,2,Public
20190922044038,-2,Public
20190922044379,0,Public
20190922044417,1,Public
20190922050136,5,Public
20190922050180,5,Public
20190922050284,1,Public
20190922050376,3,Public
20190922050430,13,Public
20190922050514,3,Public
20190922050535,8,Public
20190922050556,3,Public
20190922050687,2,Public
20190922050743,7,Public
20190922050764,1,Public
20190922050820,2,Public
20190922050867,1,Public
20190922050934,1,Public
20190922050972,1,Public
20190922051091,3,Public
20190922051112,5,Public
20190922051188,5,Public
20190922051286,6,Public
20190922051374,-1,Public
20190922051516,5,Public
20190922051562,1,Public
20190922051634,1,Public
20190922051655,7,Public
20190922051890,16,Public
20190922051933,3,Public
20190922051986,4,Public
20190922052090,4,Public
20190922052202,1,Public
20190922052346,15,Public
20190922052367,6,Public
20190922052393,10,Public
20190922052446,2,Public
20190922052519,18,Public
20190922052551,5,Public
20190922052594,4,Public
20190922052615,0,Public
20190922052679,25,Public
20190922052724,3,Public
20190922052824,5,Public
20190922052931,1,Public
20190922053022,6,Public
20190922053103,4,Public
20190922053192,21,Public
20190922053213,2,Public
20190922053234,24,Public
20190922053255,2,Public
20190922053276,2,Public
20190922053297,2,Public
20190922053494,11,Public
20190922060051,7,Public
20190922060101,1,Public
20190922060122,3,Public
20190922060381,5,Public
20190922060438,3,Public
20190922060478,-8,Public
20190922060524,3,Public
20190922060726,1,Public
20190922060793,1,Public
20190922060838,0,Public
20190922061007,3,Public
20190922061039,0,Public
20190922061082,8,Public
20190922061212,-4,Public
20190922061343,0,Public
20190922061364,-2,Public
20190922061445,1,Public
20190922061499,5,Public
20190922061826,6,Public
20190922061912,8,Public
20190922061969,4,Public
20190922062019,2,Public
20190922062124,3,Public
20190922062145,5,Public
20190922062259,5,Public
20190922062318,8,Public
20190922062377,1,Public
20190922062511,7,Public
20190922062561,1,Public
20190922062720,2,Public
20190922062763,2,Public
20190922062900,2,Public
20190922063061,7,Public
20190922063123,2,Public
20190922063144,7,Public
20190922063179,-3,Public
20190922063269,5,Public
20190922063318,-5,Public
20190922063560,2,Public
20190922063654,3,Public
20190922063699,1,Public
20190922063739,-5,Public
20190922063777,4,Public
20190922063815,6,Public
20190922070178,-1,Public
20190922070232,1,Public
20190922070253,3,Public
20190922070393,11,Public
20190922070414,6,Public
20190922070435,2,Public
20190922070456,9,Public
20190922070501,0,Public
20190922070543,1,Public
20190922070644,2,Public
20190922070695,0,Public
20190922070762,5,Public
20190922070783,11,Public
20190922070833,2,Public
20190922070875,0,Public
20190922070942,1,Public
20190922071062,4,Public
20190922071335,2,Public
20190922071356,5,Public
20190922071405,1,Public
20190922071442,3,Public
20190922071498,6,Public
20190922071519,4,Public
20190922071582,0,Public
20190922071835,4,Public
20190922072075,3,Public
20190922072096,6,Public
20190922072117,2,Public
20190922072303,5,Public
20190922072324,3,Public
20190922072422,-1,Public
20190922072470,-1,Public
20190922072560,2,Public
20190922072651,-1,Public
20190922072754,3,Public
20190922072799,3,Public
20190922072849,0,Public
20190922073144,3,Public
20190922073165,-3,Public
20190922073225,2,Public
20190922073270,5,Public
20190922073291,14,Public
20190922073346,3,Public
20190922073400,1,Public
20190922073466,3,Public
20190922073613,-1,Public
20190922073698,2,Public
20190922073719,0,Public
20190922073868,0,Public
20190922073906,0,Public
20190922080051,5,Public
20190922080072,7,Public
20190922080235,5,Public
20190922080331,0,Public
20190922080433,15,Public
20190922080598,3,Public
20190922080690,4,Public
20190922080863,12,Public
20190922080901,2,Public
20190922081063,0,Public
20190922081084,2,Public
20190922081229,3,Public
20190922081274,2,Public
20190922081295,4,Public
20190922081505,1,Public
20190922081548,8,Public
20190922082090,3,Public
20190922082478,9,Public
20190922082499,5,Public
20190922082520,2,Public
20190922082576,3,Public
20190922082677,4,Public
20190922082722,4,Public
20190922082769,5,Public
20190922083003,8,Public
20190922083025,76,Public
20190922083093,1,Public
20190922083140,5,Public
20190922083167,0,Public
20190922083234,-3,Public
20190922083407,2,Public
20190922083548,1,Public
20190922083569,4,Public
20190922083755,3,Public
20190922083776,0,Public
20190922083950,6,Public
20190922083988,2,Public
20190922084035,1,Public
20190922084129,5,Public
20190922084188,1,Public
20190922084226,4,Public
20190922090051,7,Public
20190922090171,3,Public
20190922090192,13,Public
20190922090213,4,Public
20190922090341,-1,Public
20190922090438,2,Public
20190922090483,-1,Public
20190922090605,0,Public
20190922090650,5,Public
20190922090717,2,Public
20190922090936,3,Public
20190922091110,6,Public
20190922091265,1,Public
20190922091413,0,Public
20190922091610,1,Public
20190922091768,-1,Public
20190922092174,25,Public
20190922092429,1,Public
20190922092474,4,Public
20190922092495,3,Public
20190922092555,19,Public
20190922092600,3,Public
20190922092684,1,Public
20190922092807,2,Public
20190922093059,6,Public
20190922093131,8,Public
20190922093152,6,Public
20190922093318,6,Public
20190922093497,5,Public
20190922093518,0,Public
20190922093565,1,Public
20190922093615,5,Public
20190922093636,13,Public
20190922093657,7,Public
20190922093678,4,Public
20190922093703,6,Public
20190922093724,2,Public
20190922093745,0,Public
20190922093800,2,Public
20190922093892,8,Public
20190922093913,0,Public
20190922100075,-2,Public
20190922100277,4,Public
20190922100467,0,Public
20190922100536,4,Public
20190922100646,9,Public
20190922100825,8,Public
20190922100863,5,Public
20190922100908,3,Public
20190922101013,10,Public
20190922101175,-2,Public
20190922101257,11,Public
20190922101403,1,Public
20190922101448,3,Public
20190922102257,-6,Public
20190922102400,1,Public
20190922102464,1,Public
20190922102533,3,Public
20190922102627,3,Public
20190922102691,6,Public
20190922102823,2,Public
20190922103054,3,Public
20190922103086,6,Public
20190922103148,1,Public
20190922103264,10,Public
20190922103325,0,Public
20190922103573,-1,Public
20190922103659,-2,Public
20190922103979,4,Public
20190922110137,2,Public
20190922110284,4,Public
20190922110312,-3,Public
20190922110381,-4,Public
20190922110652,2,Public
20190922110697,16,Public
20190922110720,3,Public
20190922110830,3,Public
20190922111055,2,Public
20190922111234,6,Public
20190922111279,7,Public
20190922111300,0,Public
20190922111323,1,Public
20190922111376,4,Public
20190922111399,22,Public
20190922111587,1,Public
20190922111629,0,Public
20190922111652,-1,Public
20190922111992,16,Public
20190922112037,2,Public
20190922112207,6,Public
20190922112308,0,Public
20190922112553,0,Public
20190922112655,4,Public
20190922112705,1,Public
20190922112985,2,Public
20190922113158,1,Public
20190922113264,6,Public
20190922113395,1,Public
20190922113503,1,Public
20190922113548,7,Public
20190922113569,6,Public
20190922113607,-1,Public
20190922113628,1,Public
20190922113693,1,Public
20190922114006,3,Public
20190922114027,2,Public
20190922114067,4,Public
20190922120051,5,Public
20190922120256,4,Public
20190922120277,8,Public
20190922120499,5,Public
20190922120520,0,Public
20190922120588,-1,Public
20190922120664,3,Public
20190922120801,2,Public
20190922120878,3,Public
20190922120920,10,Public
20190922120981,5,Public
20190922121401,4,Public
20190922121571,10,Public
20190922121630,-2,Public
20190922121663,5,Public
20190922121709,2,Public
20190922121760,4,Public
20190922121781,2,Public
20190922121985,5,Public
20190922122038,6,Public
20190922122064,6,Public
20190922122168,5,Public
20190922122189,6,Public
20190922122210,2,Public
20190922122277,0,Public
20190922122330,1,Public
20190922122412,5,Public
20190922122542,5,Public
20190922122604,1,Public
20190922122713,9,Public
20190922122734,0,Public
20190922122800,5,Public
20190922122825,10,Public
20190922122870,2,Public
20190922122919,4,Public
20190922123009,0,Public
20190922123132,3,Public
20190922123251,3,Public
20190922123272,10,Public
20190922123329,10,Public
20190922123444,7,Public
20190922123500,5,Public
20190922123525,19,Public
20190922123546,6,Public
20190922123573,5,Public
20190922123594,1,Public
20190922123665,5,Public
20190922123710,-2,Public
20190922123776,0,Public
20190922123822,3,Public
20190922123977,4,Public
20190922130075,2,Public
20190922130230,1,Public
20190922130338,9,Public
20190922130359,-2,Public
20190922130438,3,Public
20190922130527,5,Public
20190922130589,1,Public
20190922130725,12,Public
20190922130817,2,Public
20190922130838,7,Public
20190922130859,2,Public
20190922131004,2,Public
20190922131025,2,Public
20190922131102,0,Public
20190922131337,1,Public
20190922131416,1,Public
20190922131622,1,Public
20190922132070,7,Public
20190922132091,8,Public
20190922132141,5,Public
20190922132249,-4,Public
20190922132348,0,Public
20190922132417,9,Public
20190922132438,12,Public
20190922132626,4,Public
20190922132703,2,Public
20190922132834,3,Public
20190922132948,5,Public
20190922132969,3,Public
20190922133052,2,Public
20190922133177,13,Public
20190922133198,2,Public
20190922133243,1,Public
20190922133321,2,Public
20190922133342,4,Public
20190922133363,8,Public
20190922133510,1,Public
20190922133625,7,Public
20190922133690,-2,Public
20190922133730,9,Public
20190922133777,2,Public
20190922133948,3,Public
20190923000051,7,Public
20190923000081,1,Public
20190923000328,1,Public
20190923000474,5,Public
20190923000519,2,Public
20190923000823,7,Public
20190923000865,4,Public
20190923001085,4,Public
20190923001134,0,Public
20190923001241,0,Public
20190923001435,2,Public
20190923001489,8,Public
20190923001510,0,Public
20190923001720,3,Public
20190923001850,4,Public
20190923002007,1,Public
20190923002501,5,Public
20190923002570,3,Public
20190923002627,1,Public
20190923002648,-3,Public
20190923002779,11,Public
20190923002800,3,Public
20190923002956,2,Public
20190923003058,0,Public
20190923003108,7,Public
20190923003225,2,Public
20190923003293,4,Public
20190923003450,2,Public
20190923003471,0,Public
20190923003562,3,Public
20190923003583,3,Public
20190923003819,8,Public
20190923003840,1,Public
20190923003865,0,Public
20190923003924,8,Public
20190923003945,4,Public
20190923003966,25,Public
20190923003989,3,Public
20190923004010,2,Public
20190923004072,4,Public
20190923004095,1,Public
20190923004133,3,Public
20190926000051,4,Public
20190926000072,19,Public
20190926000318,3,Public
20190926000371,4,Public
20190926000392,3,Public
20190926000437,1,Public
20190926000520,7,Public
20190926000685,7,Public
20190926000730,0,Public
20190926000780,0,Public
20190926000868,3,Public
20190926001199,-2,Public
20190926001290,4,Public
20190926001311,4,Public
20190926001388,6,Public
20190926001409,3,Public
20190926001538,8,Public
20190926001559,0,Public
20190926001625,4,Public
20190926001838,3,Public
20190926001859,10,Public
20190926001897,3,Public
20190926001935,1,Public
20190926002296,4,Public
20190926002350,3,Public
20190926002371,0,Public
20190926002494,6,Public
20190926002561,4,Public
20190926002695,-2,Public
20190926002808,5,Public
20190926002930,-4,Public
20190926003101,30,Public
20190926003122,5,Public
20190926003172,0,Public
20190926003294,16,Public
20190926003315,2,Public
20190926003696,7,Public
20190926003719,10,Public
20190926003740,4,Public
20190926003790,1,Public
20190926003822,4,Public
20190926004223,4,Public
20190929000080,-1,Public
20190929000172,4,Public
20190929000380,1,Public
20190929000449,10,Public
20190929000470,1,Public
20190929000626,3,Public
20190929000668,1,Public
20190929000755,-1,Public
20190929000845,16,Public
20190929000871,0,Public
20190929000977,3,Public
20190929001049,2,Public
20190929001112,3,Public
20190929001257,-2,Public
20190929001353,1,Public
20190929001466,3,Public
20190929001564,7,Public
20190929001585,1,Public
20190929001674,-1,Public
20190929001695,5,Public
20190929001716,5,Public
20190929002195,3,Public
20190929002233,3,Public
20190929002271,7,Public
20190929002360,-1,Public
20190929002677,-1,Public
20190929002762,8,Public
20190929002785,3,Public
20190929002881,1,Public
20190929002945,5,Public
20190929002966,6,Public
20190929003234,13,Public
20190929003255,5,Public
20190929003349,2,Public
20190929003407,-2,Public
20190929003702,-1,Public
20190929003758,6,Public
20190929003802,7,Public
20190929003846,2,Public
20190929003902,7,Public
20190929003940,8,Public
20190929003978,-1,Public
20190929004058,0,Public
20190929004079,-1,Public
20190929004100,1,Public
20190929010073,4,Public
20190929010131,2,Public
20190929010171,8,Public
20190929010257,3,Public
20190929010302,-2,Public
20190929010323,4,Public
20190929010609,6,Public
20190929010663,1,Public
20190929010770,3,Public
20190929010868,4,Public
20190929010913,-3,Public
20190929011020,9,Public
20190929011043,0,Public
20190929011249,10,Public
20190929011320,7,Public
20190929011388,9,Public
20190929011409,4,Public
20190929011430,5,Public
20190929011451,5,Public
20190929011472,0,Public
20190929011984,2,Public
20190929012047,18,Public
20190929012173,2,Public
20190929012218,14,Public
20190929012295,9,Public
20190929012316,8,Public
20190929012337,4,Public
20190929012382,3,Public
20190929012403,6,Public
20190929012440,17,Public
20190929012461,5,Public
20190929012632,5,Public
20190929012712,2,Public
20190929012890,-3,Public
20190929012985,14,Public
20190929013063,-2,Public
20190929013210,88,Public
20190929013344,3,Public
20190929013421,3,Public
20190929013442,0,Public
20190929013660,-1,Public
20190929013698,1,Public
20190929013825,5,Public
20190929013846,1,Public
20190929013902,4,Public
20190929013923,11,Public
20190929013944,1,Public
20190929020058,15,Public
20190929020079,0,Public
20190929020252,9,Public
20190929020273,2,Public
20190929020558,4,Public
20190929020790,28,Public
20190929020815,1,Public
20190929020864,1,Public
20190929020966,4,Public
20190929020988,2,Public
20190929021060,2,Public
20190929021188,1,Public
20190929021352,2,Public
20190929021373,2,Public
20190929021439,1,Public
20190929021509,1,Public
20190929021530,0,Public
20190929021631,9,Public
20190929021680,6,Public
20190929021705,9,Public
20190929021877,5,Public
20190929021898,1,Public
20190929021996,41,Public
20190929022685,5,Public
20190929022714,0,Public
20190929022835,-1,Public
20190929023085,-1,Public
20190929023200,5,Public
20190929023221,6,Public
20190929023423,1,Public
20190929023614,2,Public
20190929023795,1,Public
20190929023865,3,Public
20190929023933,-1,Public
20190929024641,8,Public
20190929024667,9,Public
20190929024688,3,Public
20190929030060,5,Public
20190929030105,1,Public
20190929030126,8,Public
20190929030147,2,Public
20190929030218,2,Public
20190929030239,3,Public
20190929030346,-1,Public
20190929030575,9,Public
20190929030662,1,Public
20190929030740,6,Public
20190929030824,4,Public
20190929030893,8,Public
20190929030966,5,Public
20190929031039,2,Public
20190929031206,2,Public
20190929031426,6,Public
20190929031557,39,Public
20190929031602,5,Public
20190929031658,1,Public
20190929031679,0,Public
20190929031700,1,Public
20190929031760,14,Public
20190929031810,5,Public
20190929031872,9,Public
20190929031915,0,Public
20190929032246,5,Public
20190929032267,11,Public
20190929032288,13,Public
20190929032314,2,Public
20190929032446,1,Public
20190929032513,2,Public
20190929032556,1,Public
20190929032615,26,Public
20190929032657,0,Public
20190929032808,2,Public
20190929032898,-1,Public
20190929033132,12,Public
20190929033158,1,Public
20190929033200,4,Public
20190929033270,-1,Public
20190929033433,-2,Public
20190929033505,0,Public
20190929033622,1,Public
20190929033684,3,Public
20190929033763,3,Public
20190929033861,4,Public
20190929033928,-3,Public
20190929033999,-3,Public
20190929034101,9,Public
20190929034127,6,Public
20190929034177,3,Public
20190929034662,2,Public
20190929034700,1,Public
20190929040061,4,Public
20190929040106,4,Public
20190929040127,0,Public
20190929040208,5,Public
20190929040294,3,Public
20190929040340,4,Public
20190929040361,2,Public
20190929040463,-2,Public
20190929040541,11,Public
20190929040595,5,Public
20190929040616,0,Public
20190929040693,4,Public
20190929040830,1,Public
20190929041122,0,Public
20190929041250,5,Public
20190929041409,2,Public
20190929041596,6,Public
20190929041643,6,Public
20190929041768,3,Public
20190929041925,12,Public
20190929041963,-4,Public
20190929042011,13,Public
20190929042163,10,Public
20190929042306,2,Public
20190929042351,2,Public
20190929042436,10,Public
20190929042457,1,Public
20190929042537,6,Public
20190929042558,1,Public
20190929042679,1,Public
20190929042768,5,Public
20190929042892,6,Public
20190929042990,3,Public
20190929043095,1,Public
20190929043190,0,Public
20190929043306,1,Public
20190929043327,2,Public
20190929043402,2,Public
20190929043656,1,Public
20190929043710,4,Public
20190929043800,6,Public
20190929043895,-1,Public
20190929043933,3,Public
20190929043954,2,Public
20190929050166,12,Public
20190929050187,1,Public
20190929050208,3,Public
20190929050253,6,Public
20190929050339,-2,Public
20190929050429,60,Public
20190929050491,-5,Public
20190929050637,0,Public
20190929050669,18,Public
20190929050695,-1,Public
20190929050781,8,Public
20190929050824,3,Public
20190929050893,13,Public
20190929050914,0,Public
20190929050964,3,Public
20190929051130,6,Public
20190929051194,7,Public
20190929051287,14,Public
20190929051389,6,Public
20190929051476,-4,Public
20190929051586,3,Public
20190929051683,3,Public
20190929051704,6,Public
20190929051865,-2,Public
20190929051968,2,Public
20190929052491,-1,Public
20190929052609,10,Public
20190929052659,0,Public
20190929052750,1,Public
20190929052771,1,Public
20190929052851,7,Public
20190929052872,6,Public
20190929052893,0,Public
20190929053012,4,Public
20190929053033,1,Public
20190929053100,4,Public
20190929053182,2,Public
20190929053220,2,Public
20190929053291,-4,Public
20190929053336,1,Public
20190929053388,1,Public
20190929053506,0,Public
20190929053527,4,Public
20190929053918,16,Public
20190929053965,8,Public
20190929053986,2,Public
20190929054487,7,Public
20190929054525,5,Public
20190929060051,3,Public
20190929060096,8,Public
20190929060365,6,Public
20190929060587,1,Public
20190929060608,5,Public
20190929060664,2,Public
20190929060748,3,Public
20190929060769,5,Public
20190929060849,4,Public
20190929060887,5,Public
20190929060908,10,Public
20190929061055,-2,Public
20190929061151,1,Public
20190929061206,4,Public
20190929061383,-1,Public
20190929061573,3,Public
20190929061642,2,Public
20190929061728,8,Public
20190929061749,1,Public
20190929061770,4,Public
20190929061990,6,Public
20190929062270,8,Public
20190929062291,5,Public
20190929062331,8,Public
20190929062352,-2,Public
20190929062411,1,Public
20190929062432,0,Public
20190929062509,0,Public
20190929062571,7,Public
20190929062592,5,Public
20190929062637,7,Public
20190929062658,4,Public
20190929062679,0,Public
20190929062724,-3,Public
20190929062895,-2,Public
20190929063020,3,Public
20190929063107,1,Public
20190929063200,1,Public
20190929063315,4,Public
20190929063336,9,Public
20190929063361,4,Public
20190929063382,-2,Public
20190929063469,11,Public
20190929063584,1,Public
20190929063675,2,Public
20190929063698,2,Public
20190929070073,5,Public
20190929070155,0,Public
20190929070279,4,Public
20190929070435,2,Public
20190929070504,2,Public
20190929070661,2,Public
20190929070682,6,Public
20190929070749,1,Public
20190929070824,1,Public
20190929070862,7,Public
20190929070942,22,Public
20190929070974,0,Public
20190929071028,1,Public
20190929071090,3,Public
20190929071232,23,Public
20190929071305,0,Public
20190929071367,7,Public
20190929071414,9,Public
20190929071439,2,Public
20190929071493,0,Public
20190929071567,1,Public
20190929071648,-2,Public
20190929071759,6,Public
20190929071969,4,Public
20190929072177,5,Public
20190929072286,2,Public
20190929072307,0,Public
20190929072409,1,Public
20190929072529,3,Public
20190929072576,4,Public
20190929072597,4,Public
20190929072696,2,Public
20190929072741,5,Public
20190929072762,2,Public
20190929072908,1,Public
20190929073100,5,Public
20190929073342,0,Public
20190929073443,1,Public
20190929073464,0,Public
20190929073514,2,Public
20190929073535,3,Public
20190929073556,3,Public
20190929073611,1,Public
20190929073632,1,Public
20190929073758,3,Public
20190929073779,4,Public
20190929073846,5,Public
20190929080051,8,Public
20190929080072,5,Public
20190929080184,7,Public
20190929080205,5,Public
20190929080343,0,Public
20190929080419,8,Public
20190929080447,5,Public
20190929080704,5,Public
20190929080736,4,Public
20190929080810,6,Public
20190929080855,0,Public
20190929080917,1,Public
20190929081057,-1,Public
20190929081319,0,Public
20190929081391,10,Public
20190929081471,6,Public
20190929081624,4,Public
20190929081771,4,Public
20190929081792,7,Public
20190929081830,6,Public
20190929081873,8,Public
20190929081896,11,Public
20190929081917,-1,Public
20190929082117,9,Public
20190929082155,-4,Public
20190929082415,2,Public
20190929082460,3,Public
20190929082595,5,Public
20190929082616,2,Public
20190929082661,1,Public
20190929082722,2,Public
20190929082809,6,Public
20190929082830,10,Public
20190929082886,0,Public
20190929083039,3,Public
20190929083235,6,Public
20190929083400,6,Public
20190929083421,2,Public
20190929083565,4,Public
20190929083605,12,Public
20190929083735,-1,Public
20190929083789,-3,Public
20190929083812,9,Public
20190929084065,14,Public
20190929090091,2,Public
20190929090136,7,Public
20190929090157,0,Public
20190929090203,0,Public
20190929090224,3,Public
20190929090467,-2,Public
20190929090571,4,Public
20190929090638,0,Public
20190929090683,4,Public
20190929091166,3,Public
20190929091212,3,Public
20190929091257,-1,Public
20190929091356,3,Public
20190929091377,3,Public
20190929091480,1,Public
20190929091705,13,Public
20190929092121,3,Public
20190929092366,5,Public
20190929092669,-1,Public
20190929092762,4,Public
20190929092806,-2,Public
20190929092962,-2,Public
20190929093069,6,Public
20190929093114,0,Public
20190929093135,3,Public
20190929093215,0,Public
20190929093476,-1,Public
20190929093503,10,Public
20190929093552,2,Public
20190929093888,5,Public
20190929093948,5,Public
20190929094298,1,Public
20190929094404,6,Public
20190929094425,-2,Public
20190929094470,3,Public
20190929094502,3,Public
20190929094547,24,Public
20190929094568,-1,Public
20190929094606,-3,Public
20190929095323,6,Public
20190929100075,3,Public
20190929100120,6,Public
20190929100215,1,Public
20190929100342,3,Public
20190929100610,2,Public
20190929100655,1,Public
20190929100724,0,Public
20190929100745,0,Public
20190929100853,3,Public
20190929100899,4,Public
20190929101020,3,Public
20190929101164,1,Public
20190929101208,4,Public
20190929101229,4,Public
20190929101291,3,Public
20190929101381,3,Public
20190929101437,2,Public
20190929101615,4,Public
20190929101688,4,Public
20190929101857,1,Public
20190929102132,2,Public
20190929102245,4,Public
20190929102481,2,Public
20190929102615,3,Public
20190929102671,3,Public
20190929102693,7,Public
20190929102762,1,Public
20190929103196,4,Public
20190929103217,3,Public
20190929103302,2,Public
20190929103486,2,Public
20190929103529,5,Public
20190929103574,2,Public
20190929103597,-3,Public
20190929103668,1,Public
20190929103929,9,Public
20190929103972,2,Public
20190929104023,0,Public
20190929104063,0,Public
20190929104101,4,Public
20190929104266,2,Public
20190929104327,-1,Public
20190929104373,1,Public
20190929110082,2,Public
20190929110202,1,Public
20190929110275,4,Public
20190929110366,28,Public
20190929110467,3,Public
20190929110517,1,Public
20190929110538,10,Public
20190929110594,3,Public
20190929110705,4,Public
20190929110920,3,Public
20190929111108,11,Public
20190929111129,1,Public
20190929111258,2,Public
20190929111351,4,Public
20190929111438,3,Public
20190929111459,6,Public
20190929111484,2,Public
20190929111848,7,Public
20190929111886,2,Public
20190929112350,13,Public
20190929112371,8,Public
20190929112392,6,Public
20190929112415,2,Public
20190929112498,5,Public
20190929112620,6,Public
20190929112641,3,Public
20190929112662,0,Public
20190929112685,2,Public
20190929112708,2,Public
20190929112729,4,Public
20190929112818,0,Public
20190929112937,81,Public
20190929112992,4,Public
20190929113105,2,Public
20190929113218,13,Public
20190929113256,3,Public
20190929113299,11,Public
20190929113327,4,Public
20190929113464,2,Public
20190929113574,26,Public
20190929113595,2,Public
20190929113618,4,Public
20190929113663,16,Public
20190929113684,3,Public
20190929113705,3,Public
20190929113756,2,Public
20190929113796,1,Public
20190929114007,5,Public
20190929114221,0,Public
20190929114308,3,Public
20190929114346,2,Public
20190929120075,5,Public
20190929120124,0,Public
20190929120320,2,Public
20190929120441,6,Public
20190929120466,2,Public
20190929120519,1,Public
20190929120568,1,Public
20190929120685,2,Public
20190929120736,13,Public
20190929120778,2,Public
20190929120803,10,Public
20190929121011,3,Public
20190929121254,2,Public
20190929121352,3,Public
20190929121510,0,Public
20190929121622,1,Public
20190929121747,3,Public
20190929121871,1,Public
20190929122242,1,Public
20190929122323,3,Public
20190929122437,3,Public
20190929122510,-2,Public
20190929122559,1,Public
20190929122588,1,Public
20190929122641,9,Public
20190929122667,0,Public
20190929122688,1,Public
20190929122744,7,Public
20190929122793,3,Public
20190929122820,11,Public
20190929122841,4,Public
20190929123086,4,Public
20190929123382,5,Public
20190929123527,-1,Public
20190929123622,2,Public
20190929123649,9,Public
20190929123672,5,Public
20190929123693,4,Public
20190929123714,2,Public
20190929123754,-1,Public
20190930000058,4,Public
20190930000079,1,Public
20190930000148,5,Public
20190930000231,0,Public
20190930000426,3,Public
20190930000500,1,Public
20190930000550,0,Public
20190930000590,0,Public
20190930000968,1,Public
20190930001030,0,Public
20190930001321,9,Public
20190930001413,5,Public
20190930001458,2,Public
20190930001575,3,Public
20190930001673,13,Public
20190930001718,11,Public
20190930001844,-5,Public
20190930002015,21,Public
20190930002036,4,Public
20190930002057,1,Public
20190930002436,15,Public
20190930002457,5,Public
20190930002478,6,Public
20190930002642,7,Public
20190930002663,0,Public
20190930002723,4,Public
20190930002744,0,Public
20190930002834,3,Public
20190930002896,0,Public
20190930003080,3,Public
20190930003212,-2,Public
20190930003285,0,Public
20190930003365,-4,Public
20190930003496,3,Public
20191003000078,2,Public
20191003000214,9,Public
20191003000235,-5,Public
20191003000343,4,Public
20191003000364,7,Public
20191003000385,-2,Public
20191003000478,3,Public
20191003000557,12,Public
20191003000583,8,Public
20191003000604,4,Public
20191003000651,3,Public
20191003000737,5,Public
20191003000832,-1,Public
20191003001057,8,Public
20191003001158,1,Public
20191003001287,0,Public
20191003001308,4,Public
20191003001403,6,Public
20191003001424,2,Public
20191003001477,3,Public
20191003001681,3,Public
20191003001771,4,Public
20191003001792,8,Public
20191003001813,7,Public
20191003001896,3,Public
20191003001934,0,Public
20191003002410,2,Public
20191003002484,8,Public
20191003002568,3,Public
20191003002658,1,Public
20191003002750,7,Public
20191003002771,5,Public
20191003002844,4,Public
20191003002935,27,Public
20191003003033,1,Public
20191003003112,7,Public
20191003003133,13,Public
20191003003170,2,Public
20191003003250,2,Public
20191003003419,2,Public
20191003003566,-1,Public
20191003003861,8,Public
20191003003882,3,Public
20191003003924,1,Public
20191003003945,3,Public
20191003003999,2,Public
20191003004022,14,Public
20191003004043,-2,Public
20191003004086,6,Public
20191003004317,3,Public
20191003004361,5,Public
20191003004401,-8,Public
20191006000117,6,Public
20191006000215,5,Public
20191006000308,5,Public
20191006000390,3,Public
20191006000526,4,Public
20191006000666,1,Public
20191006000788,-2,Public
20191006000891,0,Public
20191006000925,5,Public
20191006001084,14,Public
20191006001118,3,Public
20191006001180,3,Public
20191006001308,1,Public
20191006001388,-1,Public
20191006001409,1,Public
20191006001517,4,Public
20191006001610,2,Public
20191006001655,6,Public
20191006001676,-1,Public
20191006001822,11,Public
20191006001989,0,Public
20191006002126,4,Public
20191006002232,1,Public
20191006002442,7,Public
20191006002504,84,Public
20191006002557,0,Public
20191006002713,1,Public
20191006002816,4,Public
20191006002918,-2,Public
20191006003025,2,Public
20191006003086,3,Public
20191006003204,2,Public
20191006003251,18,Public
20191006003296,16,Public
20191006003334,7,Public
20191006003377,10,Public
20191006003398,3,Public
20191006003465,9,Public
20191006003515,-2,Public
20191006003536,48,Public
20191006003559,4,Public
20191006003580,5,Public
20191006003601,2,Public
20191006003648,-1,Public
20191006003692,0,Public
20191006003793,2,Public
20191006003862,59,Public
20191006004101,18,Public
20191006004141,-2,Public
20191006004179,0,Public
20191006010060,3,Public
20191006010172,9,Public
20191006010193,3,Public
20191006010214,13,Public
20191006010235,5,Public
20191006010256,18,Public
20191006010277,9,Public
20191006010323,4,Public
20191006010344,-1,Public
20191006010486,9,Public
20191006010612,5,Public
20191006010760,-1,Public
20191006010869,17,Public
20191006010890,2,Public
20191006011027,-2,Public
20191006011111,4,Public
20191006011132,1,Public
20191006011243,-1,Public
20191006011315,5,Public
20191006011374,14,Public
20191006011555,1,Public
20191006011611,6,Public
20191006011632,0,Public
20191006011749,0,Public
20191006011886,6,Public
20191006011952,9,Public
20191006011990,1,Public
20191006012011,15,Public
20191006012065,4,Public
20191006012103,5,Public
20191006012404,15,Public
20191006012469,4,Public
20191006012490,4,Public
20191006012736,2,Public
20191006012757,3,Public
20191006012857,2,Public
20191006012971,0,Public
20191006013151,3,Public
20191006013218,1,Public
20191006013431,1,Public
20191006013598,3,Public
20191006013651,8,Public
20191006013718,37,Public
20191006013826,6,Public
20191006014216,9,Public
20191006014237,1,Public
20191006014329,8,Public
20191006014379,4,Public
20191006014438,2,Public
20191006020061,-1,Public
20191006020158,1,Public
20191006020179,-15,Public
20191006020283,2,Public
20191006020379,1,Public
20191006020480,6,Public
20191006020501,14,Public
20191006020522,3,Public
20191006020599,1,Public
20191006020674,2,Public
20191006020780,2,Public
20191006020847,3,Public
20191006020868,11,Public
20191006020937,1,Public
20191006021031,2,Public
20191006021076,7,Public
20191006021121,2,Public
20191006021251,4,Public
20191006021272,-2,Public
20191006021401,4,Public
20191006021470,8,Public
20191006021491,-1,Public
20191006021536,3,Public
20191006021691,2,Public
20191006021736,2,Public
20191006021795,21,Public
20191006022071,9,Public
20191006022131,7,Public
20191006022230,2,Public
20191006022310,6,Public
20191006022331,5,Public
20191006022385,1,Public
20191006022438,0,Public
20191006022596,7,Public
20191006022663,1,Public
20191006023006,7,Public
20191006023404,3,Public
20191006023530,0,Public
20191006023551,0,Public
20191006023693,10,Public
20191006023714,4,Public
20191006023759,0,Public
20191006023804,24,Public
20191006023825,1,Public
20191006024230,1,Public
20191006024350,-3,Public
20191006030051,7,Public
20191006030122,4,Public
20191006030323,5,Public
20191006030344,1,Public
20191006030414,3,Public
20191006030574,4,Public
20191006030623,6,Public
20191006030684,2,Public
20191006030785,5,Public
20191006030806,2,Public
20191006030893,1,Public
20191006031047,12,Public
20191006031189,3,Public
20191006031239,2,Public
20191006031337,14,Public
20191006031358,3,Public
20191006031403,18,Public
20191006031433,1,Public
20191006031645,5,Public
20191006031828,1,Public
20191006031913,-4,Public
20191006032010,0,Public
20191006032095,8,Public
20191006032116,4,Public
20191006032137,0,Public
20191006032299,4,Public
20191006032320,0,Public
20191006032407,5,Public
20191006032428,3,Public
20191006032521,2,Public
20191006032574,2,Public
20191006032628,0,Public
20191006032741,2,Public
20191006033110,7,Public
20191006033154,0,Public
20191006033359,7,Public
20191006033608,4,Public
20191006033630,16,Public
20191006033656,1,Public
20191006033677,3,Public
20191006033740,3,Public
20191006033845,3,Public
20191006040106,-1,Public
20191006040180,2,Public
20191006040234,-1,Public
20191006040274,10,Public
20191006040392,3,Public
20191006040465,11,Public
20191006040497,2,Public
20191006040592,0,Public
20191006040613,2,Public
20191006040757,19,Public
20191006040828,5,Public
20191006040929,5,Public
20191006040950,0,Public
20191006041165,10,Public
20191006041383,0,Public
20191006041428,3,Public
20191006041557,4,Public
20191006041601,3,Public
20191006041667,4,Public
20191006041705,19,Public
20191006041754,-1,Public
20191006041867,15,Public
20191006041980,-1,Public
20191006042088,1,Public
20191006042299,5,Public
20191006042388,2,Public
20191006042505,-2,Public
20191006042752,3,Public
20191006042807,5,Public
20191006042828,41,Public
20191006042910,4,Public
20191006043107,2,Public
20191006043185,5,Public
20191006043294,11,Public
20191006043457,6,Public
20191006043603,6,Public
20191006043682,2,Public
20191006043703,1,Public
20191006043759,6,Public
20191006043785,19,Public
20191006043849,3,Public
20191006043870,1,Public
20191006043908,4,Public
20191006044088,2,Public
20191006044109,-1,Public
20191006044147,5,Public
20191006044168,17,Public
20191006050083,5,Public
20191006050104,3,Public
20191006050127,1,Public
20191006050207,4,Public
20191006050228,0,Public
20191006050369,1,Public
20191006050592,3,Public
20191006050646,21,Public
20191006050715,3,Public
20191006050765,9,Public
20191006050786,5,Public
20191006050824,12,Public
20191006050886,4,Public
20191006050964,3,Public
20191006050985,4,Public
20191006051030,5,Public
20191006051051,2,Public
20191006051122,3,Public
20191006051187,-1,Public
20191006051208,5,Public
20191006051309,2,Public
20191006051354,2,Public
20191006051399,2,Public
20191006051439,2,Public
20191006051696,4,Public
20191006051819,0,Public
20191006051903,6,Public
20191006051924,0,Public
20191006051997,4,Public
20191006052018,1,Public
20191006052099,3,Public
20191006052233,2,Public
20191006052312,-1,Public
20191006052432,4,Public
20191006052477,5,Public
20191006052554,8,Public
20191006052604,2,Public
20191006052846,2,Public
20191006052944,3,Public
20191006053042,0,Public
20191006053063,6,Public
20191006053309,3,Public
20191006053453,15,Public
20191006053662,8,Public
20191006053683,1,Public
20191006053730,3,Public
20191006053780,4,Public
20191006053842,2,Public
20191006054066,2,Public
20191006054104,3,Public
20191006054142,4,Public
20191006060051,1,Public
20191006060072,0,Public
20191006060142,-1,Public
20191006060196,5,Public
20191006060217,15,Public
20191006060273,0,Public
20191006060380,5,Public
20191006060401,1,Public
20191006060539,3,Public
20191006060560,6,Public
20191006060581,0,Public
20191006060869,0,Public
20191006061045,2,Public
20191006061155,2,Public
20191006061276,-1,Public
20191006061415,2,Public
20191006061503,4,Public
20191006061599,0,Public
20191006061712,-2,Public
20191006061758,4,Public
20191006061926,4,Public
20191006062155,2,Public
20191006062221,5,Public
20191006062317,2,Public
20191006062381,8,Public
20191006062402,1,Public
20191006062423,2,Public
20191006062566,1,Public
20191006062635,8,Public
20191006062723,12,Public
20191006062744,3,Public
20191006062765,13,Public
20191006062786,0,Public
20191006062807,3,Public
20191006063048,19,Public
20191006063123,-3,Public
20191006063249,-2,Public
20191006063319,13,Public
20191006063490,4,Public
20191006063640,3,Public
20191006063661,0,Public
20191006063682,3,Public
20191006063754,4,Public
20191006063775,-3,Public
20191006070205,14,Public
20191006070226,0,Public
20191006070346,2,Public
20191006070367,1,Public
20191006070622,-2,Public
20191006070643,4,Public
20191006070696,5,Public
20191006070741,8,Public
20191006070762,6,Public
20191006070868,5,Public
20191006070889,2,Public
20191006070971,6,Public
20191006071009,3,Public
20191006071054,-1,Public
20191006071305,1,Public
20191006071396,-2,Public
20191006071507,4,Public
20191006071685,3,Public
20191006072035,3,Public
20191006072267,4,Public
20191006072288,2,Public
20191006072330,7,Public
20191006072351,4,Public
20191006072372,3,Public
20191006072610,-1,Public
20191006072669,6,Public
20191006072724,2,Public
20191006072917,1,Public
20191006073012,3,Public
20191006073086,-3,Public
20191006073416,12,Public
20191006073481,6,Public
20191006073530,3,Public
20191006073718,0,Public
20191006073764,1,Public
20191006073822,4,Public
20191006073843,1,Public
20191006074068,5,Public
20191006074289,-1,Public
20191006074383,3,Public
20191006074530,2,Public
20191006080267,-1,Public
20191006080364,2,Public
20191006080458,4,Public
20191006080685,24,Public
20191006080754,3,Public
20191006080870,6,Public
20191006081020,-4,Public
20191006081128,5,Public
20191006081218,0,Public
20191006081455,2,Public
20191006081653,9,Public
20191006081674,2,Public
20191006081944,1,Public
20191006082009,2,Public
20191006082030,5,Public
20191006082100,4,Public
20191006082217,4,Public
20191006082284,17,Public
20191006082305,-2,Public
20191006082445,1,Public
20191006082545,5,Public
20191006082611,2,Public
20191006082721,1,Public
20191006082820,6,Public
20191006082841,0,Public
20191006082926,3,Public
20191006083199,7,Public
20191006083336,10,Public
20191006083384,2,Public
20191006083416,4,Public
20191006083647,-1,Public
20191006083718,-1,Public
20191006083739,11,Public
20191006083760,11,Public
20191006083781,19,Public
20191006083819,4,Public
20191006083857,3,Public
20191006090105,2,Public
20191006090126,-1,Public
20191006090410,2,Public
20191006090431,65,Public
20191006090488,0,Public
20191006090591,3,Public
20191006091022,7,Public
20191006091043,1,Public
20191006091135,-1,Public
20191006091201,4,Public
20191006091222,3,Public
20191006091923,4,Public
20191006092206,5,Public
20191006092281,6,Public
20191006092512,3,Public
20191006092585,2,Public
20191006092606,3,Public
20191006092651,5,Public
20191006092672,11,Public
20191006092693,4,Public
20191006092818,-1,Public
20191006092948,0,Public
20191006093004,25,Public
20191006093030,3,Public
20191006093075,14,Public
20191006093128,12,Public
20191006093154,2,Public
20191006093592,6,Public
20191006093613,7,Public
20191006093658,4,Public
20191006093725,12,Public
20191006093746,7,Public
20191006093767,-1,Public
20191006093951,8,Public
20191006094011,-1,Public
20191006094032,4,Public
20191006094124,5,Public
20191006094218,0,Public
20191006094244,1,Public
20191006094265,5,Public
20191006094313,1,Public
20191006094351,12,Public
20191006094372,2,Public
20191006094393,8,Public
20191006100075,21,Public
20191006100096,12,Public
20191006100146,5,Public
20191006100167,1,Public
20191006100188,4,Public
20191006100272,1,Public
20191006100346,3,Public
20191006100414,1,Public
20191006100495,-2,Public
20191006100636,4,Public
20191006100686,5,Public
20191006100749,9,Public
20191006100821,3,Public
20191006100968,3,Public
20191006101075,0,Public
20191006101196,2,Public
20191006101306,6,Public
20191006101327,2,Public
20191006101381,9,Public
20191006101471,5,Public
20191006101635,0,Public
20191006101749,3,Public
20191006102151,4,Public
20191006102259,16,Public
20191006102280,0,Public
20191006102488,1,Public
20191006102550,3,Public
20191006102590,11,Public
20191006102663,7,Public
20191006102684,0,Public
20191006102730,1,Public
20191006102777,5,Public
20191006102798,0,Public
20191006103024,-3,Public
20191006103107,3,Public
20191006103155,3,Public
20191006103176,11,Public
20191006103242,6,Public
20191006103263,5,Public
20191006103474,1,Public
20191006103758,32,Public
20191006103779,2,Public
20191006103849,4,Public
20191006103887,13,Public
20191006110075,1,Public
20191006110264,12,Public
20191006110414,18,Public
20191006110485,12,Public
20191006110614,0,Public
20191006110721,7,Public
20191006110742,2,Public
20191006110817,15,Public
20191006110868,3,Public
20191006110921,3,Public
20191006110983,14,Public
20191006111020,3,Public
20191006111102,4,Public
20191006111288,6,Public
20191006111309,7,Public
20191006111333,5,Public
20191006111354,1,Public
20191006111412,16,Public
20191006111462,1,Public
20191006111516,3,Public
20191006111629,7,Public
20191006111650,4,Public
20191006111671,-1,Public
20191006111939,5,Public
20191006112132,7,Public
20191006112170,14,Public
20191006112278,4,Public
20191006112425,-3,Public
20191006112582,5,Public
20191006112827,-2,Public
20191006113045,1,Public
20191006113311,3,Public
20191006113706,2,Public
20191006113759,5,Public
20191006113791,0,Public
20191006113994,5,Public
20191006114015,-2,Public
20191006114191,11,Public
20191006114237,11,Public
20191006114258,-10,Public
20191006120134,5,Public
20191006120179,3,Public
20191006120464,4,Public
20191006120485,2,Public
20191006120554,2,Public
20191006120575,30,Public
20191006120596,2,Public
20191006120628,1,Public
20191006120661,10,Public
20191006120826,3,Public
20191006120960,-6,Public
20191006121149,4,Public
20191006121170,1,Public
20191006121224,-2,Public
20191006121417,11,Public
20191006121438,5,Public
20191006121545,1,Public
20191006121624,1,Public
20191006121720,2,Public
20191006121741,-4,Public
20191006121877,2,Public
20191006122616,11,Public
20191006122715,6,Public
20191006122783,4,Public
20191006122844,6,Public
20191006123054,7,Public
20191006123113,3,Public
20191006123155,3,Public
20191006123210,9,Public
20191006123248,12,Public
20191006123304,-2,Public
20191006123421,0,Public
20191006123495,4,Public
20191006123516,4,Public
20191006123619,3,Public
20191006123640,5,Public
20191006123661,3,Public
20191006123682,1,Public
20191006123747,9,Public
20191006123768,3,Public
20191006123789,8,Public
20191006123810,-8,Public
20191006123948,2,Public
20191006124026,-1,Public
20191006124047,6,Public
20191006124068,2,Public
20191006124106,4,Public
20191006124144,6,Public
20191006124182,3,Public
20191006124203,0,Public
20191007000124,2,Public
20191007000247,83,Public
20191007000365,1,Public
20191007000427,3,Public
20191007000508,6,Public
20191007000529,18,Public
20191007000639,15,Public
20191007000686,4,Public
20191007000783,4,Public
20191007000804,8,Public
20191007000825,4,Public
20191007000851,3,Public
20191007001038,4,Public
20191007001130,4,Public
20191007001179,11,Public
20191007001204,-5,Public
20191007001342,15,Public
20191007001363,3,Public
20191007001384,4,Public
20191007001483,2,Public
20191007001525,37,Public
20191007001631,1,Public
20191007001711,1,Public
20191007001736,4,Public
20191007001757,4,Public
20191007001795,8,Public
20191007001833,19,Public
20191007002221,-4,Public
20191007002287,4,Public
20191007002336,12,Public
20191007002385,1,Public
20191007002542,2,Public
20191007002630,2,Public
20191007002748,15,Public
20191007002778,6,Public
20191007002799,-2,Public
20191007002844,0,Public
20191007002893,3,Public
20191007002918,19,Public
20191007002942,2,Public
20191007003141,5,Public
20191007003162,-4,Public
20191007003230,0,Public
20191007003367,3,Public
20191007003440,15,Public
20191007003504,0,Public
20191007003536,-4,Public
20191007003592,7,Public
20191007003682,14,Public
20191007003735,4,Public
20191007003817,3,Public
20191007003838,1,Public
20191007003902,3,Public
20191007003923,2,Public
20191007003944,8,Public
